"name","id","airports","militaryBudgetGDP","internetUsers","medianAge","electricityConsumption","population","populationGrowthRate","area","unemploymentRate","GDPPPPPerCapita","inflationRate","GDPPPP","roadways","crudeOilExports","educationExpendituresPercentGDP","lifeExpectancyAtBirth","migrationRate","publicDebt","cellPhoneUsers","officialName","capitol","region","subregion"
"Afghanistan","AFG","52","","1,900,000","18.6","4,700,000,000","33,332,025","2.34","652,230","35","$2,000","4.5","$64,080,000,000","42,150","0","","51.3","-1.2","","23,400,000","Islamic Republic of Afghanistan","Kabul","Asia and the Pacific","Western Asia"
"Albania","ALB","4","0.85","1,700,000","32.5","7,793,000,000","3,038,594","0.31","28,748","17.3","$11,900","1.2","$34,210,000,000","18,000","23,320","3.3","78.3","-3.3","71","3,400,000","Republic of Albania","Tirana","Europe","Southeastern Europe"
"Algeria","DZA","157","4.48","6,500,000","27.8","49,000,000,000","40,263,711","1.77","2,381,741","12.4","$15,000","6.7","$609,400,000,000","113,655","1,146,000","4.3","76.8","-0.9","16.8","37,300,000","People's Democratic Republic of Algeria","Algiers","The Middle East and North Africa","North Africa"
"American Samoa","ASM","3","","","29.4","100,000,000","54,194","-0.25","199","29.8","$13,000","2.1","$711,000,000","241","0","","75.4","-20.6","","","","","Asia and the Pacific","Polynesia"
"Andorra","AND","","","76,300","43.7","562,400,000","85,660","0.07","468","4","$37,200","1.1","$3,163,000,000","320","","","82.8","0","41.1","66,200","Principality of Andorra","Andorra la Vella","Europe","Southern Europe"
"Angola","AGO","176","3.63","3,700,000","18.2","8,100,000,000","20,172,332","2.72","1,246,700","","$6,800","26.9","$187,300,000,000","51,429","1,745,000","3.5","56","-0.1","57.4","14,100,000","Republic of Angola","Luanda","Sub-Saharan Africa","Middle Africa"
"Anguilla","AIA","2","","3,700","34.6","","16,752","2","91","8","$12,200","-0.3","$175,400,000","175","","2.8","81.4","11.9","20.1","26,000","","","Latin America and the Caribbean","Caribbean"
"Antarctica","ATA","23","","","","","","","","","","","","","","","","","","","","","",""
"Antigua and Barbuda","ATG","3","","81,900","31.6","300,000,000","93,581","1.23","443","11","$24,100","1.6","$2,171,000,000","1,170","0","2.4","76.5","2.2","89","109,100","Antigua and Barbuda","Saint John's","Latin America and the Caribbean","Caribbean"
"Argentina","ARG","1,138","0.91","25,700,000","31.5","116,000,000,000","43,886,748","0.93","2,780,400","8","$20,200","42.8","$879,400,000,000","231,374","37,690","6.3","77.1","-0.1","53.8","66,400,000","Argentine Republic","Buenos Aires","Latin America and the Caribbean","South America"
"Armenia","ARM","11","4.1","1,300,000","34.6","5,100,000,000","3,051,250","-0.18","29,743","18.1","$8,900","-0.4","$26,560,000,000","7,792","0","3.3","74.6","-5.7","53.4","3,500,000","Republic of Armenia","Yerevan","Asia and the Pacific","Western Asia"
"Aruba","ABW","1","","87,700","39.1","800,000,000","113,648","1.3","180","6.9","$25,300","-0.8","$2,516,000,000","","0","6","76.8","8.8","67","139,700","","","Latin America and the Caribbean","Caribbean"
"Australia","AUS","480","1.71","20,200,000","38.6","224,000,000,000","22,992,654","1.05","7,741,220","5.8","$48,800","1.4","$1,189,000,000,000","823,217","248,400","5.6","82.2","5.6","46.1","31,000,000","Commonwealth of Australia","Canberra","Asia and the Pacific","Australia and New Zealand"
"Austria","AUT","52","0.81","7,200,000","43.8","69,750,000,000","8,711,770","0.51","83,871","6.1","$47,900","0.9","$415,900,000,000","133,597","0","5.9","81.5","5.2","85.8","13,000,000","Republic of Austria","Vienna","Europe","Central Europe"
"Azerbaijan","AZE","37","4.7","5,800,000","30.9","20,000,000,000","9,872,765","0.92","86,600","6.4","$17,700","11.3","$167,900,000,000","52,942","744,400","2.4","72.5","0","31.4","10,600,000","Republic of Azerbaijan","Baku","Asia and the Pacific","Western Asia"
"Bahamas","BHS","61","","247,200","31.8","1,600,000,000","327,316","0.83","13,880","15","$24,600","1","$9,066,000,000","2,700","0","","72.4","0","64.4","273,300","Commonwealth of The Bahamas","Nassau","Latin America and the Caribbean","Caribbean"
"Bahrain","BHR","4","3.14","1,300,000","32.1","25,000,000,000","1,378,904","2.33","760","4.1","$50,300","3.5","$66,370,000,000","4,122","0","2.6","78.9","12.6","72","2,300,000","Kingdom of Bahrain","Manama","The Middle East and North Africa","The Middle East"
"Bangladesh","BGD","18","1.15","11,400,000","26.3","46,000,000,000","156,186,882","1.05","143,998","4.9","$3,900","5.6","$628,400,000,000","21,269","313","2.2","73.2","-3.1","25.9","120,400,000","People's Republic of Bangladesh","Dhaka","Asia and the Pacific","Southern Asia"
"Barbados","BRB","1","","227,400","38.3","900,000,000","291,495","0.3","430","11","$17,200","1.3","$4,804,000,000","1,600","765","5.6","75.3","-0.3","108.9","305,500","Barbados","Bridgetown","Latin America and the Caribbean","Caribbean"
"Belarus","BLR","65","1.2","5,000,000","39.8","33,000,000,000","9,570,376","-0.21","207,600","0.7","$17,500","14","$165,400,000,000","86,392","31,810","5.1","72.7","0.7","60.7","11,400,000","Republic of Belarus","Minsk","Europe","Eastern Europe"
"Belgium","BEL","41","1.05","9,500,000","41.4","81,000,000,000","11,409,077","0.73","30,528","8.4","$44,900","1.6","$508,600,000,000","154,012","73,090","6.6","81","5.6","106.7","12,700,000","Kingdom of Belgium","Brussels","Europe","Western Europe"
"Belize","BLZ","47","","91,200","22.4","400,000,000","353,858","1.84","22,966","12.9","$8,200","0.9","$3,088,000,000","2,870","3,000","6.6","68.7","0","86.3","172,300","Belize","Belmopan","Latin America and the Caribbean","Mexico and Central America"
"Benin","BEN","6","1.03","441,000","18","1,000,000,000","10,741,458","2.75","112,622","","$2,200","1","$24,310,000,000","16,000","0","5.3","61.9","0","40.2","10,800,000","Republic of Benin","Porto-Novo / Cotonou (seat of government)","Sub-Saharan Africa","Western Africa"
"Bermuda","BMU","1","","68,300","43.2","600,000,000","70,537","0.47","54","9","$85,700","1.2","$5,198,000,000","447","0","2.6","81.3","1.8","43","59,500","","","Northern America","Northern America"
"Bhutan","BTN","2","","203,100","27.2","2,085,000,000","750,125","1.09","38,394","2.6","$8,100","2.9","$6,432,000,000","10,578","0","4.7","70.1","0","30","628,300","Kingdom of Bhutan","Thimphu","Asia and the Pacific","Southern Asia"
"Bolivia","BOL","855","1.47","3,900,000","24","7,500,000,000","10,969,649","1.54","1,098,581","7.5","$7,200","3.9","$78,350,000,000","80,488","0","6.9","69.2","-0.6","47","10,500,000","Plurinational State of Bolivia","La Paz (administrative) / Sucre (legislative/judiciary)","Latin America and the Caribbean","South America"
"Bonaire, Sint Eustatius and Saba","BES","","","","","","","","","","","","","","","","","","","","","","",""
"Bosnia and Herzegovina","BIH","24","1.35","2,600,000","41.7","11,000,000,000","3,861,912","-0.14","51,197","43.2","$11,000","-0.8","$42,530,000,000","22,926","0","","76.7","-0.4","46.5","3,500,000","Bosnia and Herzegovina","Sarajevo","Europe","Southeastern Europe"
"Botswana","BWA","74","2.31","283,500","23.2","3,700,000,000","2,209,208","1.19","581,730","20","$16,900","3.4","$36,510,000,000","17,916","0","9.5","54.5","4.5","21","3,400,000","Republic of Botswana","Gaborone","Sub-Saharan Africa","Southern Africa"
"Bouvet Island","BVT","","","","","","","","49","","","","","","","","","","","","","","",""
"Brazil","BRA","4,093","1.47","108,200,000","31.6","518,000,000,000","205,823,665","0.75","8,514,877","12.6","$15,200","8.4","$3,135,000,000,000","1,580,964","397,100","5.8","73.8","-0.1","75.4","280,700,000","Federative Republic of Brazil","Brasília","Latin America and the Caribbean","South America"
"British Indian Ocean Territory","IOT","1","","","","","","","54,400","","","","","","","","","","","","","","",""
"Brunei Darussalam","BRN","1","2.43","277,200","29.9","3,766,000,000","436,620","1.6","5,765","6.9","$79,700","-0.2","$33,730,000,000","3,029","117,600","3.5","77.2","2.4","","465,800","Brunei Darussalam","Bandar Seri Begawan","Asia and the Pacific","Southeastern Asia"
"Bulgaria","BGR","68","1.46","4,100,000","42.4","31,000,000,000","7,144,653","-0.6","110,879","8.9","$20,100","-0.7","$143,100,000,000","19,512","0","4.1","74.5","-0.3","26.7","9,900,000","Republic of Bulgaria","Sofia","Europe","Southeastern Europe"
"Burkina Faso","BFA","23","1.39","782,400","17.2","1,200,000,000","19,512,533","3.01","274,200","77","$1,800","1.4","$32,990,000,000","15,272","0","3.4","55.5","0","","12,500,000","Burkina Faso","Ouagadougou","Sub-Saharan Africa","Western Africa"
"Burundi","BDI","7","2.39","144,500","17","400,000,000","11,099,298","3.26","27,830","","$800","6.5","$7,892,000,000","12,322","0","5.8","60.5","0","43.4","3,200,000","Republic of Burundi","Bujumbura","Sub-Saharan Africa","Eastern Africa"
"Cambodia","KHM","16","1.54","831,700","24.9","4,100,000,000","15,957,223","1.56","181,035","0.3","$3,700","2.8","$58,940,000,000","44,709","0","2.6","64.5","-0.3","33.9","23,900,000","Kingdom of Cambodia","Phnom Penh","Asia and the Pacific","Southeastern Asia"
"Cameroon","CMR","33","1.42","1,500,000","18.5","6,100,000,000","24,360,803","2.58","475,440","30","$3,300","2.4","$77,240,000,000","51,350","50,830","3.2","58.5","-0.1","31.1","17,300,000","Republic of Cameroon","Yaoundé","Sub-Saharan Africa","Middle Africa"
"Canada","CAN","1,467","1.24","32,400,000","42","528,000,000,000","35,362,905","0.74","9,984,670","7.1","$46,200","1.6","$1,674,000,000,000","1,042,300","3,210,000","5.4","81.9","5.7","98.8","29,500,000","Canada","Ottawa","Northern America","Northern America"
"Cape Verde","CPV","9","","213,900","24.9","300,000,000","553,432","1.35","4,033","12","$6,700","0.7","$3,583,000,000","1,350","0","5","72.1","-0.6","116.8","613,400","Republic of Cabo Verde","Praia","Sub-Saharan Africa","Western Africa"
"Cayman Islands","CYM","3","","43,600","39.9","600,000,000","57,268","2.05","264","4","$43,800","1.4","$2,507,000,000","785","0","","81.2","14.1","","91,100","","","Latin America and the Caribbean","Caribbean"
"Central African Republic","CAF","39","","181,000","19.6","200,000,000","5,507,257","2.12","622,984","8","$700","3.3","$3,206,000,000","20,278","0","1.2","52.3","0","","1,500,000","Central African Republic","Bangui","Sub-Saharan Africa","Middle Africa"
"Chad","TCD","59","","273,900","17.6","200,000,000","11,852,462","1.88","1,284,000","","$2,600","3.8","$30,590,000,000","40,000","105,000","2.3","50.2","-3.3","35.4","5,300,000","Republic of Chad","N'Djamena","Sub-Saharan Africa","Middle Africa"
"Chile","CHL","481","2.04","11,400,000","34","66,000,000,000","17,650,114","0.8","756,102","7","$24,000","4.1","$436,100,000,000","77,764","0","4.5","78.8","0.3","18.5","23,700,000","Republic of Chile","Santiago","Latin America and the Caribbean","South America"
"China","CHN","507","1.99","626,600,000","37.1","5,523,000,000,000","1,373,541,278","0.43","9,596,960","4.2","$15,400","2.3","$21,270,000,000,000","4,106,387","12,000","","75.5","-0.4","20.1","1,300,000,000","People's Republic of China","Beijing","Asia and the Pacific","Eastern Asia"
"Christmas Island","CXR","1","","464","","","2,205","1.11","135","","","","","140","","","","","","","","","",""
"Cocos (Keeling) Islands","CCK","1","","","","","596","0","14","60","","","","22","","","","","","","","","",""
"Colombia","COL","836","3.28","24,300,000","29.6","60,000,000,000","47,220,856","1.02","1,138,910","9.5","$14,200","7.8","$690,400,000,000","204,855","711,900","4.4","75.7","-0.6","50.5","55,300,000","Republic of Colombia","Bogotá","Latin America and the Caribbean","South America"
"Comoros","COM","4","","50,200","19.6","40,920,000","794,678","1.71","2,235","6.5","$1,500","1.2","$1,259,000,000","880","0","7.6","64.2","-2.5","","383,000","Union of the Comoros","Moroni","Sub-Saharan Africa","Eastern Africa"
"Congo-Brazzaville","COG","27","","89,500","19.7","900,000,000","4,852,412","2.06","342,000","53","$6,800","2.3","$30,270,000,000","17,000","252,300","6.2","59.3","-4.8","49.3","4,900,000","","Brazzaville","Sub-Saharan Africa","Middle Africa"
"Congo-Kinshasa","COD","198","1.72","290,000","18.4","9,300,000,000","81,331,050","2.42","2,344,858","","$800","1.6","$66,010,000,000","153,497","20,000","2.5","57.3","-0.2","18.2","37,100,000","","Kinshasa","Sub-Saharan Africa","Middle Africa"
"Cook Islands","COK","11","","674","35.9","31,620,000","9,556","-2.88","236","13.1","$12,300","2.2","$244,100,000","320","0","3.1","75.8","","","7,800","","","Asia and the Pacific","Polynesia"
"Costa Rica","CRI","161","","2,400,000","30.9","9,200,000,000","4,872,543","1.19","51,100","9.3","$16,100","0.3","$79,260,000,000","39,018","1,300","6.3","78.6","0.8","62.3","7,100,000","Republic of Costa Rica","San José","Latin America and the Caribbean","Mexico and Central America"
"CŽte d'Ivoire ","CIV","27","1.65","621,500","20.7","5,800,000,000","23,740,424","1.88","322,463","","$3,600","1.2","$87,120,000,000","81,996","35,150","4.6","58.7","0","50.9","22,100,000","Republic of Côte d'Ivoire","Yamoussoukro","Sub-Saharan Africa","Western Africa"
"Croatia","HRV","69","1.7","2,900,000","42.7","16,970,000,000","4,313,707","-0.5","56,594","15.8","$22,400","-1","$94,240,000,000","26,958","0","4.3","75.9","-1.9","88.3","4,500,000","Republic of Croatia","Zagreb","Europe","Central Europe"
"Cuba","CUB","133","","3,000,000","41.1","15,000,000,000","11,179,995","-0.3","110,860","2.5","$11,600","4.5","$128,500,000,000","60,858","74,000","12.8","78.7","-5.3","32.7","2,500,000","Republic of Cuba","Havana","Latin America and the Caribbean","Caribbean"
"Curaao","CUW","","","","36","968,000,000","149,035","0.42","444","13","$15,000","2.6","$3,128,000,000","550","","","78.3","-1.3","33.2","","","","",""
"Cyprus","CYP","15","2.05","738,900","36.4","3,900,000,000","1,205,575","1.38","9,251","11.8","$34,400","-0.3","$29,260,000,000","20,006","0","7.3","78.7","9.1","104.6","1,100,000","Republic of Cyprus","Nicosia","Asia and the Pacific","Western Asia"
"Czech Republic","CZE","128","1.08","8,200,000","41.7","60,000,000,000","10,644,842","0.14","78,867","5.6","$33,200","0.5","$350,900,000,000","130,661","520","4.2","78.6","2.3","40.8","14,000,000","Czech Republic","Prague","Europe","Central Europe"
"Denmark","DNK","80","1.41","5,400,000","42","32,000,000,000","5,593,785","0.22","43,094","4.2","$46,600","0.4","$264,800,000,000","74,497","98,430","8.7","79.4","2.1","39.6","7,100,000","Kingdom of Denmark","Copenhagen","Europe","Northern Europe"
"Djibouti","DJI","13","","73,500","23.5","400,000,000","846,687","2.18","23,200","60","$3,400","3","$3,345,000,000","3,065","0","8.4","63.2","5.9","38.6","287,000","Republic of Djibouti","Djibouti","Sub-Saharan Africa","Eastern Africa"
"Dominica","DMA","2","","43,400","33","90,210,000","73,757","0.2","751","23","$11,400","1.4","$812,000,000","1,512","0","3.5","77","-5.4","70","92,200","Commonwealth of Dominica","Roseau","Latin America and the Caribbean","Caribbean"
"Dominican Republic","DOM","36","0.61","5,000,000","27.8","15,140,000,000","10,606,865","1.21","48,670","13.8","$15,900","1.9","$160,900,000,000","19,705","0","2.2","78.1","-1.9","44","8,300,000","Dominican Republic","Santo Domingo","Latin America and the Caribbean","Caribbean"
"Dutch Sint Maarten","SXM","1","","","40.7","","41,486","1.44","34","12","$66,800","4","$365,800,000","53","","","78.1","6.3","","","","","",""
"Ecuador","ECU","432","2.83","5,900,000","27.4","21,000,000,000","16,080,778","1.31","283,561","5.5","$11,000","2.1","$182,400,000,000","43,670","378,000","4.4","76.8","0","33","16,600,000","Republic of Ecuador","Quito","Latin America and the Caribbean","South America"
"Egypt","EGY","83","1.67","42,000,000","23.8","143,000,000,000","94,666,993","2.51","1,001,450","13.1","$12,100","12.1","$1,105,000,000,000","137,430","193,400","3.8","72.7","-0.5","92.6","95,300,000","Arab Republic of Egypt","Cairo","The Middle East and North Africa","North Africa"
"El Salvador","SLV","68","0.99","1,700,000","26.6","5,700,000,000","6,156,670","0.25","21,041","5.5","$8,900","1.1","$54,790,000,000","6,918","220","3.4","74.7","-8.1","64.9","9,200,000","Republic of El Salvador","San Salvador","Latin America and the Caribbean","Mexico and Central America"
"Equatorial Guinea","GNQ","7","","115,100","19.6","91,140,000","759,451","2.48","28,051","22.3","$38,700","3.1","$31,770,000,000","2,880","290,100","0.6","64.2","0","24.3","516,500","Republic of Equatorial Guinea","Malabo","Sub-Saharan Africa","Middle Africa"
"Eritrea","ERI","13","","58,100","19.4","300,000,000","5,869,869","0.81","117,600","8.6","$1,300","11.8","$9,169,000,000","4,010","0","2.1","64.9","-14.7","119.8","417,400","State of Eritrea","Asmara","Sub-Saharan Africa","Eastern Africa"
"Estonia","EST","18","2","1,000,000","42.4","8,200,000,000","1,258,545","-0.54","45,228","6.5","$29,500","0.3","$38,700,000,000","58,412","15,190","5.7","76.7","-3.2","9.7","2,100,000","Republic of Estonia","Tallinn","Europe","Central Europe"
"Ethiopia","ETH","57","0.91","1,600,000","17.8","6,700,000,000","102,374,044","2.88","1,104,300","17.5","$1,900","9.1","$174,700,000,000","110,414","0","4.7","62.2","-0.2","54.2","30,500,000","Federal Democratic Republic of Ethiopia","Addis Ababa","Sub-Saharan Africa","Eastern Africa"
"Falkland Islands (Malvinas)","FLK","7","","2,900","","13,950,000","2,931","0.01","12,173","4.1","$55,400","1.2","$164,500,000","440","0","","","","","4,200","","","Latin America and the Caribbean","South America"
"Faroe Islands","FRO","1","","44,000","37.7","300,000,000","50,456","0.53","1,393","2.9","$36,600","2.3","$1,831,000,000","960","0","","80.4","0","","61,400","","","Europe","Northern Europe"
"Fiji","FJI","28","1.47","331,700","28.6","800,000,000","915,303","0.63","18,274","8.8","$9,400","2.1","$8,374,000,000","3,440","0","4.2","72.7","-6.6","50.2","876,200","Republic of Fiji","Suva","Asia and the Pacific","Melanesia"
"Finland","FIN","148","1.47","5,100,000","42.4","81,000,000,000","5,498,211","0.38","338,145","9.1","$41,800","0.4","$230,000,000,000","454,000","0","6.8","80.9","3","64.9","7,600,000","Republic of Finland","Helsinki","Europe","Northern Europe"
"France","FRA","464","1.8","56,800,000","41.2","431,000,000,000","66,836,154","0.41","643,801","9.7","$42,400","0.3","$2,737,000,000,000","1,028,446","21,960","5.9","81.8","1.1","96.5","64,900,000","French Republic","Paris","Europe","Western Europe"
"French Guiana","GUF","","","","","","","","","","","","","","","","","","","","","","Latin America and the Caribbean","South America"
"French Polynesia","PYF","54","","161,100","31.5","700,000,000","285,321","0.91","4,167","21.8","$26,100","1.1","$7,150,000,000","2,590","0","","77.2","-0.8","","239,700","","","Asia and the Pacific","Polynesia"
"French Saint Martin","MAF","1","","","32.3","","31,949","","54","","$19,300","","$561,500,000","","","","","","","","","","",""
"French Southern Territories","ATF","","","","","","","","","","","","","","","","","","","","","","",""
"Gabon","GAB","44","1.34","164,800","18.6","2,100,000,000","1,738,541","1.92","267,667","21","$19,300","1.1","$36,220,000,000","9,170","200,000","","52.1","-2","43.5","3,600,000","Gabonese Republic","Libreville","Sub-Saharan Africa","Middle Africa"
"Gambia","GMB","1","","274,000","20.7","300,000,000","2,009,648","2.11","11,295","","$1,700","7.4","$3,387,000,000","3,740","0","4.1","64.9","-2","","2,300,000","Republic of The Gambia","Banjul","Sub-Saharan Africa","Western Africa"
"Georgia","GEO","22","2.7","2,500,000","38","9,800,000,000","4,928,052","-0.05","69,700","12.1","$10,100","2","$37,380,000,000","19,109","1,120","2","76.2","-2.2","42.4","5,400,000","Georgia","Tbilisi","Europe","Eastern Europe"
"Germany","DEU","539","1.35","70,300,000","46.8","533,000,000,000","80,722,792","-0.16","357,022","4.3","$48,200","0.4","$3,979,000,000,000","645,000","6,569","5.1","80.7","1.5","69","99,500,000","Federal Republic of Germany","Berlin","Europe","Central Europe"
"Ghana","GHA","10","0.56","5,000,000","21","9,200,000,000","26,908,262","2.18","238,533","5.2","$4,400","17.8","$120,800,000,000","109,515","98,700","8.1","66.6","-1.9","73.7","30,400,000","Republic of Ghana","Accra","Sub-Saharan Africa","Western Africa"
"Gibraltar","GIB","1","","20,200","34.5","200,000,000","29,328","0.24","7","3","$43,000","2.5","$1,850,000,000","29","0","","79.4","-3.3","7.5","38,000","","","Europe","Southern Europe"
"Greece","GRC","77","1.72","6,200,000","44.2","53,000,000,000","10,773,253","-0.03","131,957","24.6","$26,800","-0.2","$290,500,000,000","116,960","1,667","4.1","80.5","2.3","181.6","12,800,000","Hellenic Republic","Athens","Europe","Southeastern Europe"
"Greenland","GRL","15","","40,100","33.8","300,000,000","57,728","-0.02","2,166,086","9.4","$37,900","1.8","$2,173,000,000","","0","","72.4","-6","","60,800","","","Northern America","Northern America"
"Grenada","GRD","3","","49,600","30.9","200,000,000","111,219","0.46","344","33.5","$14,100","0.5","$1,511,000,000","1,127","0","3.9","74.3","-3","110","134,500","Grenada","Saint George's","Latin America and the Caribbean","Caribbean"
"Guadeloupe","GLP","","","","","","","","","","","","","","","","","","","","","","Latin America and the Caribbean","Caribbean"
"Guam","GUM","5","","107,800","30.4","1,500,000,000","162,742","0.64","544","8.4","$30,500","1.8","$4,882,000,000","1,045","0","","79.1","-5.1","32.1","98,000","","","Asia and the Pacific","Micronesia"
"Guatemala","GTM","291","0.42","2,500,000","21.7","8,915,000,000","15,189,958","1.79","108,889","2.9","$7,900","4.3","$132,300,000,000","17,332","8,711","3","72.3","-1.9","27.4","16,900,000","Republic of Guatemala","Guatemala City","Latin America and the Caribbean","Mexico and Central America"
"Guernsey","GGY","2","","48,300","43.6","","66,297","0.32","78","0.9","$52,300","3.4","$3,451,000,000","","","","82.5","2.2","","43,800","","","",""
"Guinea","GIN","16","","195,100","18.8","900,000,000","12,093,349","2.62","245,857","","$1,300","7.9","$16,080,000,000","44,348","0","2.5","60.6","0","","8,700,000","Republic of Guinea","Conakry","Sub-Saharan Africa","Western Africa"
"Guinea-Bissau","GNB","8","1.85","56,100","20","31,620,000","1,759,159","1.88","36,125","","$1,600","1.5","$2,851,000,000","3,455","0","","50.6","0","","1,100,000","Republic of Guinea-Bissau","Bissau","Sub-Saharan Africa","Western Africa"
"Guyana","GUY","117","1.09","270,200","25.8","800,000,000","735,909","0.17","214,969","11.1","$7,900","0.8","$6,093,000,000","7,970","0","3.2","68.4","-6.4","53.1","566,900","Co-operative Republic of Guyana","Georgetown","Latin America and the Caribbean","South America"
"Haiti","HTI","14","","1,200,000","22.6","400,000,000","10,485,800","1.71","27,750","40.6","$1,800","12.4","$19,360,000,000","4,266","0","","63.8","1.5","26.5","6,800,000","Republic of Haiti","Port-au-Prince","Latin America and the Caribbean","Caribbean"
"Heard Island and McDonald Islands","HMD","","","","","","","","412","","","","","","","","","","","","","","",""
"Honduras","HND","103","1.05","1,700,000","22.6","5,300,000,000","8,893,259","1.64","112,090","3.9","$5,300","2.9","$43,190,000,000","14,742","0","","71.1","-1.1","47.3","7,700,000","Republic of Honduras","Tegucigalpa","Latin America and the Caribbean","Mexico and Central America"
"Hong Kong","HKG","2","","5,600,000","44","42,000,000,000","7,167,403","0.35","1,108","3.6","$58,100","2.6","$427,400,000,000","2,100","0","3.5","82.9","1.7","38.4","17,400,000","","","Asia and the Pacific","Eastern Asia"
"Hungary","HUN","41","0.83","7,400,000","41.8","21,550,000,000","9,874,784","-0.24","93,028","6.6","$27,200","0.1","$267,600,000,000","203,601","1,740","4.9","75.9","1.3","75.1","11,700,000","Hungary","Budapest","Europe","Central Europe"
"Iceland","ISL","96","0.13","316,400","36.3","17,000,000,000","335,878","1.17","103,000","2.7","$48,100","1.9","$16,150,000,000","12,890","0","7.6","83","4.2","56.5","370,000","Republic of Iceland","Reykjavík","Europe","Northern Europe"
"India","IND","346","2.4","237,300,000","27.6","973,000,000,000","1,266,883,598","1.19","3,287,263","8.4","$6,700","5.6","$8,721,000,000,000","4,699,024","0","3.2","68.5","0","52.3","944,000,000","Republic of India","New Delhi","Asia and the Pacific","Southern Asia"
"Indonesia","IDN","673","0.78","42,400,000","29.9","195,000,000,000","258,316,051","0.89","1,904,569","6.3","$11,700","3.8","$3,028,000,000,000","496,607","310,100","2.8","72.7","-1.2","29.4","319,000,000","Republic of Indonesia","Jakarta","Asia and the Pacific","Southeastern Asia"
"Iran","IRN","319","","22,900,000","29.4","218,000,000,000","82,801,633","1.18","1,648,195","10.7","$18,100","8","$1,459,000,000,000","198,866","1,042,000","3.7","71.4","-0.1","11.9","68,900,000","Islamic Republic of Iran","Tehran","Asia and the Pacific","Western Asia"
"Iraq","IRQ","102","8.7","2,800,000","19.9","42,000,000,000","38,146,025","2.87","438,317","16","$16,500","2.4","$596,700,000,000","59,623","2,462,000","","74.9","1.5","","33,000,000","Republic of Iraq","Baghdad","The Middle East and North Africa","The Middle East"
"Ireland","IRL","40","0.55","3,900,000","36.4","25,000,000,000","4,952,473","1.2","70,273","8","$69,400","0.2","$324,300,000,000","96,036","0","6.4","80.8","4","77.9","4,900,000","Ireland","Dublin","Europe","Western Europe"
"Isle of Man","IMN","1","","","43.9","","88,195","0.72","572","2","$83,100","5","$6,298,000,000","500","","","81.2","6.3","","","","","Europe","Western Europe"
"Israel","ISR","47","5.69","6,000,000","29.7","59,830,000,000","8,174,527","1.53","20,770","5","$34,800","-0.5","$297,000,000,000","18,566","0","5.6","82.4","2.2","63.2","9,500,000","State of Israel","Jerusalem (see note 5)","The Middle East and North Africa","The Middle East"
"Italy","ITA","129","1.69","37,000,000","45.1","291,000,000,000","62,007,540","0.23","301,340","11.4","$36,300","-0.2","$2,221,000,000,000","487,700","24,640","4.5","82.2","3.9","132.5","94,200,000","Italian Republic","Rome","Europe","Southern Europe"
"Jamaica","JAM","28","0.86","1,500,000","25.6","2,800,000,000","2,970,340","0.68","10,991","13.8","$9,000","2.5","$25,390,000,000","22,121","0","6.1","73.6","-4.5","130.1","2,900,000","Jamaica","Kingston","Latin America and the Caribbean","Caribbean"
"Japan","JPN","175","0.97","109,300,000","46.9","934,000,000,000","126,702,133","-0.19","377,915","3.2","$38,900","-0.1","$4,932,000,000,000","1,218,772","0","3.8","85","0","234.7","152,700,000","Japan","Tokyo","Asia and the Pacific","Eastern Asia"
"Jersey","JEY","1","","29,500","38.5","630,100,000","98,069","0.79","116","1.7","$57,000","3.7","$5,771,000,000","576","","","81.9","3.5","","83,900","","","",""
"Jordan","JOR","18","4.65","3,600,000","22.3","16,000,000,000","8,185,384","0.83","89,342","14.8","$11,100","-0.8","$86,190,000,000","7,203","0","","74.6","-13.4","90.6","11,100,000","Hashemite Kingdom of Jordan","Amman","The Middle East and North Africa","The Middle East"
"Kazakhstan","KAZ","96","1.21","10,600,000","30.3","91,000,000,000","18,360,353","1.09","2,724,900","5.7","$25,700","14.6","$460,700,000,000","97,418","1,466,000","3.1","70.8","0.4","24.1","28,000,000","Republic of Kazakhstan","Astana","Asia and the Pacific","Central Asia"
"Kenya","KEN","197","1.96","16,500,000","19.5","7,600,000,000","46,790,758","1.81","580,367","40","$3,400","6.1","$152,700,000,000","160,878","0","6.7","64","-0.2","50.4","33,600,000","Republic of Kenya","Nairobi","Sub-Saharan Africa","Eastern Africa"
"Kiribati","KIR","19","","12,200","24.3","27,900,000","106,925","1.14","811","30.6","$1,800","1.5","$211,000,000","670","0","12","66.2","-2.9","8.6","18,100","Republic of Kiribati","Tarawa","Asia and the Pacific","Micronesia"
"Korea, People's Democratic Republic of","PRK","82","","","33.8","15,000,000,000","25,115,311","0.53","120,538","25.6","$1,800","","$40,000,000,000","25,554","0","","70.4","0","","2,800,000","Democratic People's Republic of Korea","Pyongyang","Asia and the Pacific","Eastern Asia"
"Korea, Republic of","KOR","111","2.8","44,900,000","41.2","495,000,000,000","50,924,172","0.53","99,720","4","$37,900","0.8","$1,929,000,000,000","104,983","6,510","5","82.4","2.6","46.1","57,200,000","Republic of Korea","Seoul","Asia and the Pacific","Eastern Asia"
"Kosovo","XKO","","","","","","","","","","","","","","","","","","","","","","Europe","Southeastern Europe"
"Kuwait","KWT","7","0","2,400,000","29.2","54,000,000,000","2,832,776","1.53","17,818","3","$71,300","3.3","$301,100,000,000","6,608","1,711,000","3.8","78","-2","23.1","7,600,000","State of Kuwait","Kuwait City","The Middle East and North Africa","The Middle East"
"Kyrgyzstan","KGZ","28","","1,400,000","26.2","11,000,000,000","5,727,553","1.09","199,951","8","$3,500","2.9","$21,010,000,000","34,000","20","6.8","70.7","-5.2","69.5","7,600,000","Kyrgyz Republic","Bishkek","Asia and the Pacific","Central Asia"
"land Islands","ALA","","","","","","","","","","","","","","","","","","","","","","",""
"Laos","LAO","41","","300,000","22.7","3,900,000,000","7,019,073","1.53","236,800","1.3","$5,700","0.7","$40,960,000,000","39,586","0","2.8","64.3","-1.1","61.6","4,600,000","Lao People's Democratic Republic","Vientiane","Asia and the Pacific","Southeastern Asia"
"Latvia","LVA","42","0.92","1,500,000","43.3","6,800,000,000","1,965,686","-1.07","64,589","9.6","$25,700","-0.4","$50,870,000,000","72,440","59","5","74.5","-6.2","38.4","2,500,000","Republic of Latvia","Riga","Europe","Central Europe"
"Lebanon","LBN","8","4.04","4,000,000","29.9","16,000,000,000","6,237,738","0.85","10,400","","$18,500","-1","$85,160,000,000","6,970","0","2.2","77.6","-1.1","161.5","4,400,000","Lebanese Republic","Beirut","The Middle East and North Africa","The Middle East"
"Lesotho","LSO","24","1.94","102,000","24","800,000,000","1,953,070","0.3","30,355","28.1","$3,100","8.3","$6,019,000,000","5,940","0","13","53","-7.1","53.4","2,100,000","Kingdom of Lesotho","Maseru","Sub-Saharan Africa","Southern Africa"
"Liberia","LBR","29","0.82","177,600","18.3","300,000,000","4,299,944","2.44","111,369","85","$900","6.3","$3,881,000,000","10,600","0","2.8","59","0","11.8","3,200,000","Republic of Liberia","Monrovia","Sub-Saharan Africa","Western Africa"
"Libya","LBY","146","","1,400,000","28.5","9,300,000,000","6,541,948","1.8","1,759,540","30","$14,200","13","$90,890,000,000","100,024","834,100","","76.5","3.8","10","10,100,000","Libya","Tripoli","The Middle East and North Africa","North Africa"
"Liechtenstein","LIE","","","34,500","42.9","1,360,000,000","37,937","0.82","160","3.4","$89,400","-0.2","$3,200,000,000","380","","2.1","81.9","5","","38,800","Principality of Liechtenstein","Vaduz","Europe","Central Europe"
"Lithuania","LTU","61","0.97","2,000,000","43.4","9,900,000,000","2,854,235","-1.06","65,300","8.2","$29,900","1.5","$85,790,000,000","84,166","1,316","5.4","74.9","-6.2","41.8","4,400,000","Republic of Lithuania","Vilnius","Europe","Central Europe"
"Luxembourg","LUX","2","0.6","530,400","39.2","6,200,000,000","582,291","2.05","2,586","6.7","$102,000","-0.1","$58,740,000,000","2,899","0","3.7","82.3","16.3","21.4","796,400","Grand Duchy of Luxembourg","Luxembourg","Europe","Western Europe"
"Macau","MAC","1","","270,200","38.7","4,500,000,000","597,425","0.77","28","1.9","$96,100","3.3","$63,220,000,000","424","0","2.7","84.5","3.4","","1,600,000","","","Asia and the Pacific","Eastern Asia"
"Macedonia","MKD","10","1.12","1,100,000","37.5","6,960,000,000","2,100,025","0.18","25,713","24.9","$14,500","-0.1","$30,130,000,000","14,182","0","","76.2","-0.5","50.5","2,300,000","Republic of Macedonia","Skopje","Europe","Southeastern Europe"
"Madagascar","MDG","83","0.69","17,000,000","19.5","1,300,000,000","24,430,325","2.54","587,041","","$1,500","9.2","$37,490,000,000","37,476","0","2.7","65.9","0","","9,000,000","Republic of Madagascar","Antananarivo","Sub-Saharan Africa","Eastern Africa"
"Malawi","MWI","32","0.93","387,500","16.5","1,900,000,000","18,570,321","3.32","118,484","","$1,100","23.5","$21,230,000,000","15,450","0","5.4","61.2","0","61.2","5,100,000","Republic of Malawi","Lilongwe","Sub-Saharan Africa","Eastern Africa"
"Malaysia","MYS","114","1.55","12,100,000","28.2","131,000,000,000","30,949,962","1.4","329,847","3.3","$27,200","2","$863,800,000,000","144,403","299,100","5.9","75","-0.3","55.1","44,900,000","Malaysia","Kuala Lumpur","Asia and the Pacific","Southeastern Asia"
"Maldives","MDV","9","","18,600","27.8","300,000,000","392,960","-0.07","298","11.6","$15,300","2.1","$5,407,000,000","88","0","6.8","75.6","-12.7","72.8","665,800","Republic of Maldives","Male","Asia and the Pacific","Southern Asia"
"Mali","MLI","25","1.44","12,400,000","16.2","1,400,000,000","17,467,108","2.96","1,240,192","30","$2,300","-0.3","$38,090,000,000","22,474","0","4.8","55.8","-2.2","27.3","23,500,000","Republic of Mali","Bamako","Sub-Saharan Africa","Western Africa"
"Malta","MLT","1","0.61","166,000","41.5","2,000,000,000","415,196","0.29","316","4.6","$37,900","1.3","$16,320,000,000","3,096","0","6.9","80.4","2","62.6","546,200","Republic of Malta","Valletta","Europe","Southern Europe"
"Marshall Islands","MHL","15","","1,700","22.7","600,000,000","73,376","1.6","181","36","$3,300","0.7","$180,000,000","2,028","0","12.2","73.1","-4.8","51.3","15,500","Republic of the Marshall Islands","Majuro","Asia and the Pacific","Micronesia"
"Martinique","MTQ","","","","","","","","","","","","","","","","","","","","","","Latin America and the Caribbean","Caribbean"
"Mauritania","MRT","30","","402,000","20.3","800,000,000","3,677,293","2.2","1,030,700","31","$4,400","3.5","$16,710,000,000","10,628","11,250","3.7","63","-0.8","","3,800,000","Islamic Republic of Mauritania","Nouakchott","Sub-Saharan Africa","Western Africa"
"Mauritius","MUS","5","0.19","81,700","34.8","2,600,000,000","1,348,242","0.61","2,040","7.8","$20,500","1.1","$25,850,000,000","2,149","0","3.5","75.6","0","66","1,700,000","Republic of Mauritius","Port Louis","Sub-Saharan Africa","Eastern Africa"
"Mayotte","MYT","","","","","","","","","","","","","","","","","","","","","","Sub-Saharan Africa","Eastern Africa"
"Mexico","MEX","1,714","0.59","49,500,000","28","238,000,000,000","123,166,749","1.15","1,964,375","4.4","$18,900","2.7","$2,307,000,000,000","377,660","1,199,000","5.1","75.9","-1.7","49.7","102,200,000","United Mexican States","Mexico City","Latin America and the Caribbean","Mexico and Central America"
"Micronesia","FSM","6","","29,900","24.7","178,600,000","104,719","-0.49","702","16.2","$3,000","1.9","$314,000,000","388","0","","72.9","-20.9","28","31,400","Federated States of Micronesia","Palikir","Asia and the Pacific","Micronesia"
"Moldova","MDA","7","0.5","1,600,000","36.3","4,305,000,000","3,510,485","-1.04","33,851","6.3","$5,200","7.4","$18,540,000,000","9,352","0","8.4","70.7","-9.5","44.8","3,700,000","Republic of Moldova","Chisinau","Europe","Southeastern Europe"
"Monaco","MCO","","","27,400","52.4","","30,581","0.18","2","2","$78,700","1.5","$6,790,000,000","77","","1.6","89.5","4.7","","33,700","Principality of Monaco","Monaco","Europe","Western Europe"
"Mongolia","MNG","44","1.12","527,100","27.9","5,600,000,000","3,031,330","1.25","1,564,116","8.3","$12,200","2.4","$36,650,000,000","49,249","14,360","5.5","69.6","-0.8","72","3,000,000","Mongolia","Ulaanbaatar","Asia and the Pacific","Eastern Asia"
"Montenegro","MNE","5","1.81","381,700","40.2","2,800,000,000","644,578","-0.35","13,812","18.5","$17,000","0.5","$10,610,000,000","7,762","0","","","","59.5","1,000,000","Montenegro","Podgorica","Europe","Southeastern Europe"
"Montserrat","MSR","1","","1,200","32.6","21,390,000","5,267","0.48","102","6","$8,500","0.5","$43,780,000","","0","","74.4","0","","4,500","","","Latin America and the Caribbean","Caribbean"
"Morocco","MAR","55","3.55","19,900,000","28.9","29,000,000,000","33,655,786","0.99","446,550","9.9","$8,400","1.8","$282,800,000,000","58,395","0","5.4","76.9","-3.3","77","44,100,000","Kingdom of Morocco","Rabat","The Middle East and North Africa","North Africa"
"Mozambique","MOZ","98","","1,400,000","17.1","12,000,000,000","25,930,150","2.45","799,380","17","$1,200","17.1","$35,310,000,000","30,331","0","5","53.3","-1.9","100.3","18,400,000","Republic of Mozambique","Maputo","Sub-Saharan Africa","Eastern Africa"
"Myanmar","MMR","64","","646,700","28.6","11,000,000,000","56,890,418","1","676,578","4.8","$6,000","7","$311,100,000,000","34,377","2,775","0.8","66.6","-0.3","","26,600,000","Union of Burma","Rangoon / Nay Pyi Taw (administrative)","Asia and the Pacific","Southeastern Asia"
"Nagorno-Karabakh ","NAG","","","","","","","","","","","","","","","","","","","","","","",""
"Namibia","NAM","112","3.11","325,400","21","3,700,000,000","2,436,469","1.98","824,292","28.1","$11,800","6.8","$27,040,000,000","44,138","0","8.4","63.6","0","35.6","2,700,000","Republic of Namibia","Windhoek","Sub-Saharan Africa","Southern Africa"
"Nauru","NRU","1","","","26.1","23,250,000","9,591","0.52","21","23","$14,800","8","$150,800,000","30","0","","67.1","-13.2","","6,800","Republic of Nauru","Yaren District (no capital city)","Asia and the Pacific","Micronesia"
"Nepal","NPL","47","","3,800,000","23.6","3,900,000,000","29,033,914","1.24","147,181","46","$2,500","9.1","$71,520,000,000","10,844","0","4.7","70.7","-1.9","30","23,200,000","Federal Democratic Republic of Nepal","Kathmandu","Asia and the Pacific","Southern Asia"
"Netherlands","NLD","29","1.27","16,200,000","42.5","108,000,000,000","17,016,967","0.4","41,543","6.2","$50,800","0.2","$865,900,000,000","138,641","13,530","5.9","81.3","1.9","63.7","19,600,000","Kingdom of the Netherlands","Amsterdam / The Hague (seat of government)","Europe","Western Europe"
"New Caledonia","NCL","25","","169,100","31.7","2,000,000,000","275,355","1.35","18,575","17.1","$38,800","1","$11,100,000,000","5,622","0","","77.7","4","","243,100","","","Asia and the Pacific","Melanesia"
"New Zealand","NZL","123","1.13","4,000,000","37.8","40,000,000,000","4,474,549","0.8","267,710","5.1","$37,100","0.6","$174,800,000,000","94,902","34,090","7.4","81.2","2.2","34","5,100,000","New Zealand","Wellington","Asia and the Pacific","Australia and New Zealand"
"Nicaragua","NIC","147","0.63","845,100","25.2","4,412,000,000","5,966,798","0.99","130,370","6","$5,300","4.1","$33,490,000,000","23,897","0","4.6","73.2","-2.9","46.2","7,100,000","Republic of Nicaragua","Managua","Latin America and the Caribbean","Mexico and Central America"
"Niger","NER","30","1.06","281,200","15.3","1,200,000,000","18,638,600","3.22","1,267,000","5.1","$1,100","1.1","$20,270,000,000","18,949","0","4.2","55.5","-0.5","","8,200,000","Republic of Niger","Niamey","Sub-Saharan Africa","Western Africa"
"Nigeria","NGA","54","0.89","66,600,000","18.3","24,000,000,000","186,053,386","2.44","923,768","23.9","$5,900","15.3","$1,089,000,000,000","193,200","2,231,000","","53.4","-0.2","13.2","139,000,000","Federal Republic of Nigeria","Abuja","Sub-Saharan Africa","Western Africa"
"Niue","NIU","1","","1,100","","3,720,000","1,190","-0.03","260","12","$5,800","4","$10,010,000","120","0","","","","","","","","Asia and the Pacific","Polynesia"
"Norfolk Island","NFK","1","","","","","2,210","0.01","36","","","","","80","","","","","","","","","",""
"Northern Cyprus","NCY","","","","","","","","","","","","","","","","","","","","","","",""
"Northern Mariana Islands","MNP","5","","","32.7","48,300","53,467","2.07","464","11.2","$13,300","-2.5","$682,000,000","536","","","78","7.4","","","","","Asia and the Pacific","Micronesia"
"Norway","NOR","95","1.4","4,900,000","39.1","126,400,000,000","5,265,158","1.07","323,802","4.8","$69,300","3.5","$364,700,000,000","93,870","1,255,000","6.9","81.8","6.6","32.2","5,900,000","Kingdom of Norway","Oslo","Europe","Northern Europe"
"Oman","OMN","132","8.61","2,100,000","25.4","25,000,000,000","3,355,262","2.05","309,500","15","$43,700","2","$173,100,000,000","60,230","806,000","4.3","75.5","-0.4","18.5","6,200,000","Sultanate of Oman","Muscat","The Middle East and North Africa","The Middle East"
"Pakistan","PAK","151","3.04","21,300,000","23.4","82,000,000,000","201,995,540","1.45","796,095","6.7","$5,100","3.7","$988,200,000,000","263,942","0","2.1","67.7","-1.4","58.5","135,800,000","Islamic Republic of Pakistan","Islamabad","Asia and the Pacific","Southern Asia"
"Palau","PLW","3","","","33.3","","21,347","0.39","459","4.2","$15,300","2","$276,000,000","","","7.3","73.1","0.7","","19,100","Republic of Palau","Ngerulmud","Asia and the Pacific","Micronesia"
"Palestine","PSE","","","","","","","","","","","","","","","","","","","","","","The Middle East and North Africa","The Middle East"
"Panama","PAN","117","","1,700,000","28.9","7,800,000,000","3,705,246","1.3","75,420","4.5","$22,800","1","$93,120,000,000","15,137","0","3.5","78.6","-0.3","39.3","6,200,000","Republic of Panama","Panama City","Latin America and the Caribbean","Mexico and Central America"
"Papua New Guinea","PNG","561","0.54","164,500","22.9","3,000,000,000","6,791,317","1.75","462,840","1.9","$3,500","6.3","$28,020,000,000","9,349","25,400","","67.2","0","39.4","3,400,000","Independent State of Papua New Guinea","Port Moresby","Asia and the Pacific","Melanesia"
"Paraguay","PRY","799","1.66","1,900,000","27.8","9,700,000,000","6,862,812","1.17","406,752","6.2","$9,400","4.3","$64,120,000,000","32,059","0","4.8","77.2","-0.1","22.4","7,300,000","Republic of Paraguay","Asunción","Latin America and the Caribbean","South America"
"Peru","PER","191","1.28","12,300,000","27.7","39,000,000,000","30,741,062","0.96","1,285,216","5.9","$13,000","3.4","$409,900,000,000","140,672","14,770","2.8","73.7","-2.4","26.3","31,700,000","Republic of Peru","Lima","Latin America and the Caribbean","South America"
"Philippines","PHL","247","1.19","39,200,000","23.4","66,000,000,000","102,624,209","1.59","300,000","6.6","$7,700","1.7","$801,900,000,000","216,387","13,710","2.7","69.2","-2","42.9","111,300,000","Republic of the Philippines","Manila","Asia and the Pacific","Southeastern Asia"
"Pitcairn","PCN","","","","","","54","0","47","","","","","","","","","","","","","","",""
"Poland","POL","126","1.91","25,900,000","40.3","142,000,000,000","38,523,261","-0.11","312,685","9.6","$27,700","-0.8","$1,052,000,000,000","412,035","5,162","5.2","77.6","-0.4","44.7","59,800,000","Republic of Poland","Warsaw","Europe","Central Europe"
"Portugal","PRT","64","1.29","7,200,000","41.8","46,000,000,000","10,833,816","0.07","92,090","11.3","$28,500","0.8","$297,100,000,000","82,900","912","5.6","79.3","2.6","126.2","11,900,000","Portuguese Republic","Lisbon","Europe","Southern Europe"
"Puerto Rico","PRI","29","","2,000,000","39.5","19,000,000,000","3,578,056","-0.54","13,790","13.7","$37,700","-0.2","$131,000,000,000","26,862","0","","79.4","-7.4","92.5","3,200,000","","","Latin America and the Caribbean","Caribbean"
"Qatar","QAT","6","","2,100,000","33","34,000,000,000","2,258,283","2.64","11,586","0.7","$129,700","3.8","$334,500,000,000","9,830","1,303,000","2.5","78.7","18.2","55.6","3,300,000","State of Qatar","Doha","The Middle East and North Africa","The Middle East"
"R_union","REU","","","","","","","","","","","","","","","","","","","","","","Sub-Saharan Africa","Eastern Africa"
"Romania","ROU","45","1.42","11,200,000","40.7","48,000,000,000","21,599,736","-0.32","238,391","6.7","$22,300","-1.1","$441,000,000,000","84,185","1,234","4.2","75.1","-0.2","39.3","22,900,000","Romania","Bucharest","Europe","Southeastern Europe"
"Russia","RUS","1,218","3.49","84,400,000","39.3","1,065,000,000,000","142,355,415","-0.06","17,098,242","8.2","$26,100","7.2","$3,745,000,000,000","1,283,387","4,888,000","4.1","70.8","1.7","13.7","221,000,000","Russian Federation","Moscow","Europe","Eastern Europe"
"Rwanda","RWA","7","1.12","1,100,000","19","500,000,000","12,988,423","2.53","26,338","","$1,900","4.6","$21,970,000,000","4,700","0","5.1","60.1","0.8","36.6","7,700,000","Republic of Rwanda","Kigali","Sub-Saharan Africa","Eastern Africa"
"Sahrawi Arab Democratic Republic","SAR","","","","","","","","","","","","","","","","","","","","","","",""
"Saint Barth_lemy","BLM","","","","","","","","","","","","","","","","","","","","","","",""
"Saint Helena, Ascension and Tristan da Cunha","SHN","1","","900","41.5","9,300,000","7,795","0.21","308","14","$7,800","4","$31,100,000","198","0","","79.5","0","","","","","Sub-Saharan Africa","Western Africa"
"Saint Kitts and Nevis","KNA","2","","17,000","34.5","200,000,000","52,329","0.75","261","4.5","$25,500","-1.1","$1,427,000,000","383","0","4.2","75.7","1.2","83","76,600","Federation of Saint Kitts and Nevis","Basseterre","Latin America and the Caribbean","Caribbean"
"Saint Lucia","LCA","2","","142,900","34.2","300,000,000","164,464","0.33","616","20","$12,000","0.1","$2,083,000,000","1,210","0","4.1","77.8","-2.7","77","188,400","Saint Lucia","Castries","Latin America and the Caribbean","Caribbean"
"Saint Pierre and Miquelon","SPM","2","","","45.9","41,850,000","5,595","-1.09","242","9.9","$34,900","4.5","$215,300,000","117","0","","80.5","-8.2","","","","","Northern America","Northern America"
"Saint Vincent and the Grenadines","VCT","6","","76,000","33","100,000,000","102,350","-0.26","389","18.8","$11,300","-0.3","$1,241,000,000","829","0","5.1","75.3","-8.8","67","115,000","Saint Vincent and the Grenadines","Kingstown","Latin America and the Caribbean","Caribbean"
"Samoa","WSM","4","","27,600","23.9","100,000,000","198,926","0.59","2,831","","$5,400","2","$1,046,000,000","2,337","0","5.8","73.7","-9.5","","106,500","Independent State of Samoa","Apia","Asia and the Pacific","Polynesia"
"San Marino","SMR","","","17,200","44.2","","33,285","0.78","61","8.7","$65,300","0.6","$2,023,000,000","292","","","83.3","7.7","25.8","37,600","Republic of San Marino","San Marino","Europe","Southern Europe"
"Sao Tome and Principe","STP","2","","47,000","18.2","65,100,000","197,541","1.78","964","13.5","$3,300","5.1","$694,000,000","320","0","9.5","64.9","-8.5","89.5","128,500","Democratic Republic of Sao Tome and Principe","São Tomé","Sub-Saharan Africa","Middle Africa"
"Saudi Arabia","SAU","214","7.98","16,200,000","27.2","272,000,000,000","28,160,273","1.46","2,149,690","11.2","$54,100","4.4","$1,731,000,000,000","221,372","7,416,000","5.1","75.3","-0.5","31","52,700,000","Kingdom of Saudi Arabia","Riyadh","The Middle East and North Africa","The Middle East"
"Sealand","SEA","","","","","","","","","","","","","","","","","","","","","","",""
"Senegal","SEN","20","","3,000,000","18.7","3,000,000,000","14,320,055","2.42","196,722","48","$2,600","1.6","$39,720,000,000","15,000","0","5.6","61.7","-1.5","55.6","14,400,000","Republic of Senegal","Dakar","Sub-Saharan Africa","Western Africa"
"Serbia","SRB","26","2.21","3,600,000","42.3","26,910,000,000","7,143,921","-0.46","77,474","18.9","$14,200","1.1","$101,500,000,000","44,248","0","4.8","75.5","0","78.5","9,300,000","Republic of Serbia","Belgrade","Europe","Southeastern Europe"
"Seychelles","SYC","14","0.89","49,300","34.9","300,000,000","93,186","0.8","455","3","$28,000","-0.5","$2,608,000,000","526","0","3.6","74.7","1","59.1","151,300","Republic of Seychelles","Victoria","Sub-Saharan Africa","Eastern Africa"
"Sierra Leone","SLE","8","0.72","85,600","19","200,000,000","6,018,888","2.36","71,740","9.1","$1,700","7.1","$10,640,000,000","11,300","0","2.9","58.2","-2.4","43.3","4,800,000","Republic of Sierra Leone","Freetown","Sub-Saharan Africa","Western Africa"
"Singapore","SGP","9","3.52","4,500,000","34.3","47,180,000,000","5,781,728","1.86","697","2.1","$87,100","-0.8","$486,900,000,000","3,425","11,100","3","85","13.6","110.5","8,700,000","Republic of Singapore","Singapore","Asia and the Pacific","Southeastern Asia"
"Slovakia","SVK","35","1.12","4,500,000","40.1","28,360,000,000","5,445,802","0.01","49,035","9.8","$31,200","-0.3","$169,100,000,000","54,869","502","4.2","77.1","0.1","52.4","6,400,000","Slovak Republic","Bratislava","Europe","Central Europe"
"Slovenia","SVN","16","1.18","1,400,000","44.1","13,000,000,000","1,978,029","-0.29","20,273","11.6","$32,000","-0.2","$66,130,000,000","38,985","0","5.7","78.2","0.4","81.8","2,300,000","Republic of Slovenia","Ljubljana","Europe","Central Europe"
"Solomon Islands","SLB","36","","46,400","22.2","79,050,000","635,027","1.98","28,896","","$2,000","2.4","$1,198,000,000","1,390","0","7.3","75.3","-1.7","","376,700","Solomon Islands","Honiara","Asia and the Pacific","Melanesia"
"Somalia","SOM","61","","157,500","17.9","300,000,000","10,817,354","1.92","637,657","","$400","-71.1","$4,431,000,000","22,100","0","","52.4","-7.5","","5,500,000","Federal Republic of Somalia","Mogadishu","Sub-Saharan Africa","Eastern Africa"
"Somaliland","SOD","","","","","","","","","","","","","","","","","","","","","","",""
"South Africa","ZAF","566","1","24,800,000","26.8","212,000,000,000","54,300,704","0.99","1,219,090","26.8","$13,200","6.5","$736,300,000,000","747,014","0","6","63.1","-0.9","43.3","79,500,000","Republic of South Africa","Pretoria (administrative) / Cape Town (legislative) / Bloemfontein (judiciary)","Sub-Saharan Africa","Southern Africa"
"South Georgia and the South Sandwich Islands","SGS","","","","","","","","3,903","","","","","","","","","","","","","","",""
"South Ossetia ","SOS","","","","","","","","","","","","","","","","","","","","","","",""
"South Sudan","SSD","85","10.32","","17.1","694,100,000","12,530,717","3.92","644,329","","$1,700","","$20,880,000,000","7,000","98,680","","","11","","2,900,000","Republic of South Sudan","Juba","Sub-Saharan Africa","Eastern Africa"
"Spain","ESP","150","0.86","35,500,000","42.3","234,000,000,000","48,563,476","0.84","505,370","19.7","$36,500","-0.3","$1,690,000,000,000","683,175","54,230","5","81.7","8","99.6","50,800,000","Kingdom of Spain","Madrid","Europe","Southern Europe"
"Sri Lanka","LKA","19","2.43","4,400,000","32.5","11,000,000,000","22,235,000","0.8","65,610","4.5","$11,200","4.3","$237,800,000,000","114,093","0","1.7","76.8","-1.3","77.1","22,100,000","Democratic Socialist Republic of Sri Lanka","Colombo / Sri Jayewardenepura Kotte (legislative)","Asia and the Pacific","Southern Asia"
"Sudan","SDN","74","","8,500,000","19.6","9,900,000,000","36,729,501","1.69","1,861,484","13.6","$4,500","17.6","$176,300,000,000","11,900","2,060","","64.1","-4.2","68.8","27,800,000","Republic of the Sudan","Khartoum","The Middle East and North Africa","North Africa"
"Suriname","SUR","55","","212,900","29.5","1,900,000,000","585,824","1.05","163,820","8.9","$15,200","39","$8,547,000,000","4,304","0","","72.2","0.6","","927,800","Republic of Suriname","Paramaribo","Latin America and the Caribbean","South America"
"Svalbard and Jan Mayen","SJM","1","","","","","1,872","-0.03","377","","","","","","16,070","","","","","","","","",""
"Swaziland","SWZ","14","3.17","337,300","21.4","1,500,000,000","1,451,428","1.1","17,364","40","$9,800","8.8","$11,060,000,000","3,594","0","8.3","51.6","0","","916,800","Kingdom of Swaziland","Mbabane (administrative) / Lobamba (legislative)","Sub-Saharan Africa","Southern Africa"
"Sweden","SWE","231","1.18","8,700,000","41.2","127,000,000,000","9,880,604","0.81","450,295","6.9","$49,700","0.8","$498,100,000,000","579,564","23,210","7","82.1","5.4","41.4","12,300,000","Kingdom of Sweden","Stockholm","Europe","Northern Europe"
"Switzerland","CHE","63","0.76","7,100,000","42.2","58,000,000,000","8,179,294","0.7","41,277","3.4","$59,400","-0.4","$494,300,000,000","71,464","0","5.2","82.6","4.7","34.1","11,500,000","Swiss Confederation","Bern","Europe","Central Europe"
"Syria","SYR","90","","4,800,000","24.1","17,000,000,000","17,185,170","1.56","185,180","50","$2,900","47.7","$55,800,000,000","69,873","0","5.1","74.9","-2.1","57.5","15,600,000","Syrian Arab Republic","Damascus","The Middle East and North Africa","The Middle East"
"Taiwan","TWN","37","","16,100,000","40.2","249,500,000,000","23,464,787","0.2","35,980","3.9","$47,800","1.3","$1,125,000,000,000","42,520","0","","80.1","0.9","32.7","30,400,000","","Taipei","Asia and the Pacific","Eastern Asia"
"Tajikistan","TJK","24","","1,300,000","24.2","12,000,000,000","8,330,946","1.66","143,100","2.5","$3,000","8","$25,810,000,000","27,767","79","3.9","67.7","-1.1","6.5","8,000,000","Republic of Tajikistan","Dushanbe","Asia and the Pacific","Central Asia"
"Tanzania","TZA","166","1.13","7,400,000","17.6","5,000,000,000","52,482,726","2.77","947,300","","$3,100","5.2","$150,600,000,000","86,472","0","6.2","62.2","-0.5","36.6","31,900,000","United Republic of Tanzania","Dar es Salaam / Dodoma (legislative)","Sub-Saharan Africa","Eastern Africa"
"Thailand","THA","101","1.47","19,500,000","37.2","164,000,000,000","68,200,824","0.32","513,120","0.9","$16,800","0.2","$1,161,000,000,000","180,053","30,010","5.8","74.7","0","50.4","97,100,000","Kingdom of Thailand","Bangkok","Asia and the Pacific","Southeastern Asia"
"Timor-Leste","TLS","6","2.92","12,000","18.8","125,300,000","1,261,072","2.39","14,874","11","$4,200","-0.8","$4,975,000,000","6,040","79,260","9.4","68.1","-3.9","","676,900","Democratic Republic of Timor-Leste","Dili","Asia and the Pacific","Southeastern Asia"
"Togo","TGO","8","","336,000","19.7","1,100,000,000","7,756,937","2.66","56,785","","$1,500","2.2","$11,610,000,000","11,652","0","4.5","65","0","63.3","4,800,000","Togolese Republic","Lomé","Sub-Saharan Africa","Western Africa"
"Tokelau","TKL","","","800","","","1,337","-0.01","12","","$1,000","","$1,500,000","","","","","","","","","","Asia and the Pacific","Polynesia"
"Tonga","TON","6","","40,400","22.6","46,500,000","106,513","-0.01","747","1.1","$5,300","1.2","$557,000,000","680","0","3.9","76.2","-17.8","45.1","68,000","Kingdom of Tonga","Nuku'alofa","Asia and the Pacific","Polynesia"
"Transnistria ","TIA","","","","","","","","","","","","","","","","","","","","","","",""
"Trinidad and Tobago","TTO","4","","779,900","35.5","9,100,000,000","1,220,479","-0.17","5,128","4","$31,900","3.7","$43,570,000,000","9,592","30,800","3.2","72.9","-6.1","51.2","2,000,000","Republic of Trinidad and Tobago","Port of Spain","Latin America and the Caribbean","Caribbean"
"Tunisia","TUN","29","1.55","5,000,000","32.4","15,000,000,000","11,134,588","0.86","163,610","15.4","$11,700","3.8","$130,800,000,000","19,418","48,530","6.2","76.1","-1.7","57.3","14,300,000","Republic of Tunisia","Tunis","The Middle East and North Africa","North Africa"
"Turkey","TUR","98","2.31","36,600,000","30.5","207,000,000,000","80,274,604","0.9","783,562","9.8","$21,100","8","$1,670,000,000,000","385,754","8,475","2.9","74.8","-1.2","32.7","71,900,000","Republic of Turkey","Ankara","Asia and the Pacific","Western Asia"
"Turkmenistan","TKM","26","","414,300","27.5","13,000,000,000","5,291,317","1.13","488,100","11","$17,300","11","$94,770,000,000","58,592","70,740","","70.1","-1.8","","7,200,000","Turkmenistan","Ashgabat","Asia and the Pacific","Central Asia"
"Turks and Caicos Islands","TCA","8","","","32.9","200,000,000","51,430","2.23","948","10","$29,100","2.2","$632,000,000","121","0","","79.8","9.7","","","","","Latin America and the Caribbean","Caribbean"
"Tuvalu","TUV","1","","4,100","25.5","","10,959","0.85","26","","$3,500","3.5","$39,000,000","8","0","","66.5","-6.8","41.1","3,800","Tuvalu","Funafuti","Asia and the Pacific","Polynesia"
"Uganda","UGA","47","1.45","6,000,000","15.7","2,700,000,000","38,319,241","3.22","241,038","","$2,100","5.6","$84,930,000,000","20,000","0","3.3","55.4","-0.7","35.4","20,400,000","Republic of Uganda","Kampala","Sub-Saharan Africa","Eastern Africa"
"Ukraine","UKR","187","2.77","16,800,000","40.4","143,000,000,000","44,209,733","-0.39","603,550","10","$8,200","13.5","$349,800,000,000","169,694","668","6.2","71.8","0","78.2","61,200,000","Ukraine","Kyiv","Europe","Eastern Europe"
"United Arab Emirates","ARE","43","","5,200,000","30.3","96,000,000,000","5,927,482","2.47","83,600","2.4","$67,700","3.4","$667,200,000,000","4,080","2,637,000","","77.5","11.3","60.3","16,800,000","United Arab Emirates","Abu Dhabi","The Middle East and North Africa","The Middle East"
"United Kingdom","GBR","460","2.49","57,300,000","40.5","309,000,000,000","64,430,428","0.53","243,610","5.1","$42,500","0.5","$2,788,000,000,000","394,428","699,700","6.2","80.7","2.5","92.2","78,500,000","United Kingdom of Great Britain and Northern Ireland","London","Europe","Western Europe"
"United States","USA","13,513","4.35","276,600,000","37.9","3,913,000,000,000","323,995,528","0.81","9,826,675","4.7","$57,300","1.3","$18,560,000,000,000","6,586,610","1,162,000","5.4","79.8","3.9","73.8","317,400,000","","","Northern America","Northern America"
"United States Minor Outlying Islands","UMI","","","","","","","","","","","","","","","","","","","","","","",""
"Uruguay","URY","133","1.95","2,000,000","34.7","10,000,000,000","3,351,016","0.27","176,215","7.6","$21,600","10.2","$73,930,000,000","77,732","0","4.5","77.2","-0.9","62.8","5,500,000","Oriental Republic of Uruguay","Montevideo","Latin America and the Caribbean","South America"
"Uzbekistan","UZB","53","","11,800,000","28.1","48,000,000,000","29,473,614","0.93","447,400","4.9","$6,500","11.5","$202,300,000,000","86,496","27,000","","73.8","-2.3","8.3","21,600,000","Republic of Uzbekistan","Tashkent","Asia and the Pacific","Central Asia"
"Vanuatu","VUT","31","","30,800","21.7","55,800,000","277,554","1.9","12,189","1.7","$2,600","2.7","$723,000,000","1,070","0","5","73.4","-1.4","","156,100","Republic of Vanuatu","Port-Vila","Asia and the Pacific","Melanesia"
"Vatican City","VAT","","","","","","1,000","0","0","","","","","","","","","","","","Holy See","Vatican City","Europe","Southern Europe"
"Venezuela","VEN","444","1.05","13,600,000","28","78,000,000,000","30,912,302","1.28","912,050","10.5","$15,100","","$468,600,000,000","96,189","1,548,000","6.9","75.8","-1.2","36.7","30,500,000","Bolivarian Republic of Venezuela","Caracas","Latin America and the Caribbean","South America"
"Vietnam","VNM","45","2.37","40,100,000","30.1","125,000,000,000","95,261,021","0.95","331,210","3.7","$6,400","2.8","$594,900,000,000","195,468","163,100","6.3","73.4","-0.3","54.9","136,100,000","Socialist Republic of Vietnam","Hanoi","Asia and the Pacific","Southeastern Asia"
"Virgin Islands, British","VGB","4","","4,000","36.2","100,000,000","34,232","2.28","151","8.7","$42,300","1.1","$500,000,000","200","0","4.4","78.6","16.9","","48,400","","","Latin America and the Caribbean","Caribbean"
"Virgin Islands, U.S.","VIR","2","","30,000","45.6","600,000,000","102,951","-0.62","1,910","13","$36,100","3.1","$3,792,000,000","1,260","0","","80","-7.5","45.9","80,300","","","Latin America and the Caribbean","Caribbean"
"Wallis and Futuna","WLF","2","","1,300","31.6","","15,664","0.33","142","12.2","$3,800","2.8","$60,000,000","","","","79.7","-4.9","5.6","","","","Asia and the Pacific","Polynesia"
"Western Sahara","ESH","6","","","21.1","83,700,000","587,020","2.76","266,000","","$2,500","","$906,500,000","","0","","63","","","","","","",""
"Yemen","YEM","57","4.02","5,000,000","19.2","5,200,000,000","27,392,779","2.37","527,968","27","$2,500","31.5","$73,450,000,000","71,300","68,160","5.2","65.5","0.7","92.2","17,100,000","Republic of Yemen","Sanaa","The Middle East and North Africa","The Middle East"
"Zambia","ZMB","88","1.55","2,300,000","16.7","11,000,000,000","15,510,711","2.94","752,618","15","$3,900","20.7","$65,170,000,000","40,454","0","1.3","52.5","0","57.2","10,100,000","Republic of Zambia","Lusaka","Sub-Saharan Africa","Eastern Africa"
"Zimbabwe","ZWE","196","2.94","2,700,000","20.6","8,000,000,000","14,546,961","2.2","390,757","95","$2,000","1.6","$28,330,000,000","97,267","0","2.5","58","0","45.4","11,800,000","Republic of Zimbabwe","Harare","Sub-Saharan Africa","Eastern Africa"